,client_id,probability
0,002218c52073faaf23bb26df2cffb138,0.9040635618069698
1,0069d4050c7aeb341317e2e125e8fd2e,0.45940666141493103
2,0083fb89aea18c408a5534cdd38d7692,0.2722460224306905
3,014021fa559786c81e9e1d48d378aabb,0.9040213724777741
4,01759f92152bbb3de79f9493a4a5cd6d,0.47435157538226325
5,019b5770a0126c8e9653024d90c24a47,0.13004458696276253
6,01cdd2938bb35672179f413d33eff98c,0.5710916003475611
7,01d3775fb2681e22e24e2824207ff773,0.17906487012526065
8,0232d0facd3282f8317b16a1fa7a332f,0.47391750984512165
9,0238142546a9e0b4ef8a14b769a3780b,0.5867463327906635
10,0255393cde0896506f6e9f43c13218de,0.24679315024373522
11,026568b7a3cd99d2aaab3597911253a9,0.24533369857934167
12,02c38e5b3990448f6f1febd6185255ec,0.04763797585183
13,035f8387d2dea7bda47401725835d896,0.665349489943632
14,038506db89c32294c008fae5c1df4e22,0.7472869479332277
15,03eb714e5f1783667ce3d442661b2229,0.6621961357111589
16,03efb0f0c95daa0b02cabf04679088a4,0.5766762515822442
17,0433dca07ab24e4637ae6e2623743fa7,0.14936019836250594
18,04c612cce1088d68cdc96b7daddfde8b,0.668319647512714
19,04e889ad08182788e9aa9a24781cfcc3,0.05494782819934864
20,04f8166edf36837eed65872549e34276,0.10737279222188474
21,053e23227360c3dc193644ab67649479,0.9349229709169455
22,056ffeb0a7354fc63466fde5bd97bc53,0.8985413379261337
23,06fbfdd5130e86ba92dc8227c9ab576f,0.7790950931064206
24,0708aafb59be1c5883f828d93c3d4554,0.04933942467122945
25,07133675964764ae7b4e3bab62775fff,0.813804817328856
26,07e030daed7a613f440d1b063a267355,0.07581811652585968
27,07fe858d26127b0050538f98f555d151,0.36397699602770783
28,081cac1126d838e9451ae8e38ef0838c,0.9239132225890961
29,088304f0972a4118cdb8e54a59054d52,0.9116570618254485
30,090d8a7ec72583bd43d2d4708ba8f3dd,0.93395030034676
31,09101afc651d96df1772d9d7b08cba2a,0.4291291900072353
32,095c222474bfafda68236758964916a4,0.8409179900604419
33,09f496253c803fb33d4fa167c7f16b50,0.8916684156050445
34,0a42d72d5f8e633bce3ad88283e35b32,0.3422866502741102
35,0ac0c7fa0e14e7c7827ef1818ae2ca66,0.4746717255504029
36,0adbac13d3e75dccbea5ff1c03a0afe5,0.9492878716086941
37,0ae081b41c51d1780f252a11fcb14e83,0.050999908876034936
38,0af41dd557bf452cbdc9b8ff81bd7230,0.3542030205828198
39,0b7ef654415c3835a7f46c45537da5d6,0.051352327198330376
40,0c60effea5218f9676283ad9062ad6c5,0.2244402599675075
41,0c73c310fa2f1b5279f20c5300f2b925,0.14724303991900228
42,0c90c478230fcb43ea7492c9f604c1b5,0.048966070259661244
43,0d11f81b16275479b3745c41e5817431,0.11106925400588752
44,0d771c2e252240c59858f288fff87907,0.6587994485779961
45,0d7c26c7028463f9d8a039c432265a98,0.15421582079313298
46,0d90133f20d690f9dcceef85c545a743,0.04245415625598287
47,0ddf9a8778d93b887117be12ab67f71f,0.11312073615127528
48,0e3849ad5378657bbea97057b6cbdca6,0.8716861408846157
49,0e463cde765c6226d417f78e05e10c4f,0.6094181796645005
50,0ef1908e7689a3783e650d320b3de76d,0.05690150120181527
51,0f5c62682963a712c12ae4e4c23d6e63,0.30468983057976323
52,0f82dcefeed6e30f0a382f66b7db88c7,0.8089953599174907
53,0f970f7a111d92e82e153ccef9d56eb9,0.07034190112047899
54,0fad4cc0bad65ff0394a4e20bb8e2b27,0.6915003290814139
55,0ff0fe649132037f6f5bdcb4084dc154,0.09194071443309228
56,103d968a05e81dc8150b525e31da4035,0.8724088970969591
57,10c378ecadfdab85149fbffcf2202db9,0.10988771542029856
58,10d96802d37bd222b0cdfc269cb5da76,0.6872698188765773
59,110c752138e8039d919bc4733be894fb,0.23278127316258224
60,11656f3e839565bb7daff8469fbdd4a3,0.30672105617613443
61,11f1ffb065a96bd210cfc755bfddfbff,0.5350190416876348
62,1207e6d84c6785af3022c1523af76ac0,0.2326484245369973
63,1230f8a4d34bf55cabebcfa4107a587f,0.06542610262742612
64,12362c05404834dc4c6c1cb1cb4c2cd0,0.4771916621693834
65,123cc9e6e6034c8f42430a27fedb4d5c,0.15486910525870384
66,128e431eb623724242a4678a341ee302,0.09649100970733084
67,13189a768f328bf7e036c764fe9e54b6,0.06194608854162934
68,137b88ab97a3fa80ebb42bfd306a8965,0.06941584132195477
69,138a2aff06b5ab333a900e33a7a1f10b,0.551387152656918
70,1460dcbded1a7662ae3dfc75303b61c2,0.24145475008867667
71,146a361db097b387400fcfb81b61ab64,0.052597588095689374
72,147741a0811c674e0fb00808d52b2695,0.6225950571336417
73,14b92a7ee75652db14eaba2c7a40a369,0.04356918776290347
74,14c6a248c4b72c2621fb7809d73094e4,0.44639951959433866
75,1561e4d7adf51abaaa7100d91b91fced,0.18779375287332536
76,1566036a98f21f80c822bd19423a869a,0.29718561081970557
77,157e2f0667575192b526fa8feca3a779,0.06489838487978868
78,159f787755ab1b81316770c2c32919ad,0.21406313545874392
79,1643bc583f09e71bf8237a0cbadf7039,0.33643730008565925
80,16574417ec891339c88a983bbddfdec0,0.42737875104173567
81,16bedb0b451744a9e6c465afaf9ab943,0.20145639467213552
82,16d5f5a5bbb104c224577a4d75689f06,0.49551142600200515
83,16d8766aaff61ee9e7ac9f386db8e0fc,0.047806305298502404
84,175fc778b2dc434b73beb4bf3651d092,0.3516060979670255
85,177377c1f9da61c18e2979dba631d8f9,0.9500631393236614
86,17863265e795a5ccf1e4ce9d861159db,0.9478417934153398
87,1799ca9b2f5f2b03d1e9cf059b2b1219,0.3587753956680438
88,17b4358c1ed345d881649d350e0dabc7,0.6664390121305871
89,17bd8e0911569eb27ab1fe592b5918be,0.2105489009245442
90,1844a5a6507015f4fc3078f21dee0dbe,0.5493674580194411
91,1856e422d692d04c44f3c2d9ea762a4b,0.1367990033544145
92,187bb017d01a9a125d58da76ec1d24b0,0.267610709789015
93,187f1e3180a43c0806cae12ef28a2def,0.05906770524241452
94,18c89d23036cc2241467e6aa801d4532,0.09051015884008748
95,18cb4fb294aed3e2f70b3c05b34a1630,0.19666349618088552
96,1938b7cb85bfd2c01f953294576d1e33,0.9474492656422562
97,19aa61630f46c329d58a94d7ec811220,0.3110888296174683
98,19ce9160bf70256800fa532ad4e73ce4,0.7519670028337424
99,19dd141c21029cdfeda7622031fbe7c8,0.6530250619127226
100,1a97b95b5fd2159a3c114dbcf8453a07,0.4149459709445162
101,1aa2a36ff817401289914a5fe43afd47,0.39694731603146266
102,1b4ef2b51648d4e2e260a846ef266e4b,0.13285191435271115
103,1b8ae0a863c5eadc6e0c13dae558f169,0.8095956629265086
104,1b95cf714be0647767080354fd7cf079,0.4768929083596892
105,1c07ac7cf4c7a8f539d4cf68d5b794b8,0.9159387895024993
106,1c3126f37ea188db88033f24244311ba,0.9150003599113183
107,1c799cff9ded67facac26128d5afceae,0.04012806764893812
108,1c8a551fba8087ef64c678982913f551,0.5807342783090175
109,1cad119091fd09fb7d7d0acdb7a2d616,0.7686109688626436
110,1d100219fc467704e2b0f684c753a1dc,0.4106317368196012
111,1dce9638fca8cc53b41900c4edf9131f,0.3153052752671871
112,1dd1efe731c0f72fba9b0c73f3e77add,0.9222434221193117
113,1dd8a76776b6cf303e97ac86f12c1400,0.8916788643707071
114,1e8e7c03fc1d96703c750443494b287a,0.2746905192873251
115,1eade58e33d74fd59c9ce2460c4f171c,0.4476909505338581
116,1f4ef956c6822a878e572a2376fcb5d9,0.0742110207708044
117,1f5115773f578bb4056b973e6e7a0593,0.9228623538867559
118,1f5c9f01df235cf2a0115bf4f42454b4,0.2625004442320096
119,1f82c805464a70e324a8dcdc684d5409,0.32139412856433425
120,1f8512a3ca5c9f863a9171cf04ff0a6e,0.31483110927040187
121,1fc85c262cbef9068fe27db0f5675e8d,0.9317430701964201
122,208cf9c933c3e20749fae623309b6549,0.12279567879445728
123,20dfeed7bcee88775061df639c060983,0.7146338618902441
124,2179e54dc1d8e2dd6d80714280aadbbb,0.912814659161553
125,21b02ad331a533c590294fa2a06eae95,0.9123796533788362
126,21b6e367d4a73d07b54eb2e7f844d036,0.47274613651270725
127,21f43770a63dfede36ca2d328b8de888,0.8480625187471847
128,2267a21affb9653362e70c1bbeaabd19,0.042884186870391444
129,22752e0cdf783fbc0a12893a83eb9025,0.9318395466911785
130,22fd18b812fa4cb5d53879c1541bfcf3,0.17828802284186837
131,230d3dea0b56f1ec1b4fe03d421865af,0.5755394550771477
132,23550db55b90443a3f30a9111b6996ce,0.7247410775548522
133,23b9f4703e8904f0dfb5d05dba11d798,0.19191668289776234
134,242fbba9c28a9a14135970d5a7c0fe6e,0.9048260608720086
135,24a63dfd4e20dad30f2b3bc047eefaf7,0.07065459280392333
136,24e025cbc49a7a26d9e29f0592b8095a,0.6318058435825329
137,251431637700df09154c635ad1c00d24,0.8444474089916624
138,26288a7e4c578dd9f8a559282e389eb5,0.24506815609584623
139,26aa002f6899db01456a195784a5b6f7,0.06532117202687315
140,26d7c634d050159934bc818c9330d88d,0.06353289542063263
141,26edfc476a4caaae1baecf051eb1b432,0.8809441470368122
142,270c750e77ba71f1893119dddf3888a1,0.16064387419467654
143,274ad6dda7f11e219e2593ef1b0013c5,0.9328341289187
144,290c3bb9c2c709d41ebe5cb8bc278048,0.3814545799300643
145,29b1499fa9d6d3c06e9e3f6c4ceaf42a,0.06901995462553444
146,29bac96a98fb97e4925bcc4273a36a4c,0.4059242835814237
147,2a037a158776e67ba33d93b64e76fcb1,0.3722570548098704
148,2b265f10df352b6f590ab4ea856fd5fc,0.6448452791442589
149,2b5a39d27e8808931217fac9a96eae0d,0.4046605544672607
150,2beaf3b86f3ef8883c393a45c076a1a1,0.09396550651388971
151,2c137d748e2e4032bbe00344828558a2,0.04775983832757806
152,2c5443f55ad82fc02c09020d77568a87,0.7934566223428122
153,2c84951cecc8d6575f2c09bd63c6b53a,0.07021007863881804
154,2ca96420038aea24a51db460cbc9bd99,0.6023205872800621
155,2ceedfb41d51a8524eb67e5c510a0d52,0.10928126446272947
156,2cf58cd255048aa5ad65e4f44d791a40,0.9073551958616983
157,2d4858133dbd7db0b65ee0721dbd67cb,0.04636477476664856
158,2d6fb4f18e3c641d9b3924daebb3acaf,0.36063667168922153
159,2dcf0ec41e2a4ccc20143b0e36bae5c0,0.5676153419340416
160,2ddabe3c67faf556bdb652470196ce94,0.04906279787336484
161,2f0b3371d81381994cae1699c067c3c5,0.21253436315055554
162,2f3af495b54b52cc96343205c17f27d9,0.6303838635432605
163,2f751954898db113373a5f2e96d8c310,0.0785574368793788
164,2f7d48d6c25e1a4f4c4976a03cd880cb,0.38550099449970227
165,302da6b2274fdc2690372b681c1fbd5f,0.5980035284788286
166,305375e6f475d6297361d06880e05108,0.5964770039334208
167,30543381520323b653d076ef51dbf4af,0.8720936314621196
168,30669b7b5ff4ac087947fe3de9eb7df7,0.16218406064654373
169,30e067538b20832bd6cadc8fa28452cb,0.046218864339295083
170,31807d345d4dfd01c9a0d638386fc295,0.18205428854311484
171,31f8b256aa6bd7a3cf18afbb9ef73246,0.9393092387675613
172,3237ecd3f59e48ee45432c0c840417fc,0.9046869874735818
173,32e387b6e006f0d936591de8ce4cea55,0.5158930019217097
174,32e3ead87b2eb9729db830c23eb4116d,0.05696282580677204
175,32e9b61fce2917ed59cf09b27a2c2d0a,0.13329433307225555
176,32f14f792d60a5bbae5ebd47f4ceeefc,0.10549983807178068
177,348b1fe222c97db91c783c7f3c4db6b1,0.07082877692040727
178,34c9e0979febb586556b5614b556f84c,0.4309550334804467
179,34d771cbf883643f0e1d892ccbed5e12,0.6653794674790191
180,34e57f708aa52f25fae1725bbede6a7e,0.14993088013068057
181,35c63610a18fd9479f097e06a8556479,0.7821181996462302
182,3646571bcdb5ddf2da1cdc6943d274f4,0.04760908383532175
183,36a4d92ad6a87dd1aa3abfeb3c6315be,0.05694048924117735
184,36f2b6ea13d76183ba8200d89cce6e1a,0.17804268251778235
185,36fdcd374dccba314e184d1bc8285250,0.31256255141362255
186,37979462eee882f4bc2ba207a48c9c3f,0.8612618054627587
187,37a0f6933f49c1202d0233aa18d7e683,0.06591961795007757
188,37a9b22b0aedaedc75cf78836aadfb07,0.14807745543425885
189,386a59c5046d3cc8075b29defdf2e1de,0.10046504861884188
190,3885c19a0259e0e20b76e4a6d809acc9,0.9464567817089461
191,38a67fccffc6ce108838088cd5ab9013,0.7034678643919321
192,3944973a39836d907307aa2fb01a51af,0.8194351916555043
193,39d01adc67e524f67fb7f924feca408d,0.4058946523925768
194,3c0d5858ab1fbb9c0f8e9b410d2331a5,0.13976361413482394
195,3c21c6c9522551c56dd82b78d14ce2ee,0.9293365841032284
196,3cb90aa725875abcb13e5472623c49d6,0.040167564351783355
197,3cc9a5a997c89e08609e34f7c2b26960,0.22839196201983955
198,3cfef297ec35f7e70942e2659d80f8c2,0.9407254304889422
199,3d0e7ab3d27e0f6be2a3b009b1267194,0.30061795519909357
200,3dd138364dd2b78c698fc9c0317e4d8d,0.6444053210800568
201,3dda2aad75f4aa22b61c1e7e0c7affa6,0.22005700372286044
202,3e306994a0cfc39e703418c69eaee8b2,0.9144799142801817
203,3e456492ddea48232cd921fee013e927,0.2847692677355307
204,3e97d93d93bb3fd3af8a1cf775bfc987,0.5422205085864482
205,3ebe899afd3146152854c84bae426812,0.0897033595276411
206,3f11d9f0411c143e8272b3d6a1bc0a49,0.3617201753926422
207,3fb8f08fc12d0d53191cc35f543ad1ff,0.9210155064975534
208,3fd7bdf33dff977192232420c26a02e8,0.4965407642067046
209,402346432985ad3f02dc0558d7825712,0.0708739384218326
210,40833f7d72d1a499565a247e031a4625,0.16812343503077262
211,4085c0895aeecbbc349aeea0f2013101,0.8629818586293944
212,41146ce831aa7fb0eb11c5d056f4486a,0.07409661096079674
213,41499f4b1ac4b4c92f972e976f667996,0.7049908879628424
214,419e3c44513404f90c27fc9b2dc97af5,0.9213515116167631
215,41a72c0c63cb24d78b2710193edf31d6,0.2788410595357253
216,41aff7e3dbfa6893e3ab70049373e89f,0.9356207416939881
217,41f3902c8d140e0b25e5935a5d82f6ab,0.3691477674174455
218,4205bbd2fa65b4ae88e6d086e979c183,0.07568008323721827
219,4253d34ad88210746dbde20a5f709d53,0.926160598762969
220,42a91e77e9dca2a3dfaf9acaf41af913,0.8229875296192266
221,42bc7e3300fb3ad7a6c2ac09674076db,0.3186930794688046
222,43510a0facd1f0653838f6cad04608f6,0.06078933472398386
223,43c2ea3482544a4f64d158546862bccf,0.0777319737680088
224,4450f274c72cd90b32565738c64cdc1e,0.6871263185424217
225,447f896dc49eb7deafa2c8388886427b,0.9366948312297876
226,4483f33e920f45bf3a30f6f0d0e2e534,0.612771069651048
227,448f15a0f9ff955a77a7d61d9d9a489b,0.9179104188825862
228,449813ff3f5a8a8d9fbc3fc03edce90b,0.705542973498034
229,44a6dae928705cbbdd82a4ebae6c115e,0.0854150706662111
230,44c46e9eafc561d6eba535b2fb33321d,0.14104273490490932
231,454cded3cf3ec24ad48c31d1c04d3f37,0.09406399694743964
232,462b7062cc829bc9e360fb2286433184,0.09626687398408035
233,465b996d74e05ff8b2af624eba356cc4,0.11515428251042086
234,46c32c6818464df1ae4b91ada410b007,0.06985402225528488
235,4750af83b1a42e3f45892a3029753c28,0.9084147029371223
236,4763700551016248d5c65a222980f181,0.3802164595019144
237,47c43e83cfe626d622098b18b27239e3,0.5100584685006719
238,481630dc224a210e3255afbbdaa34f79,0.8800743748550764
239,481a6c3d720cc98cd9d187e1a0706329,0.15383199580882934
240,4832ccb027149290f5dea864aa3866f2,0.10674764566405301
241,48b5a7e91ed9fef6c51cb5c547abb5ee,0.9477434441408716
242,49711c35baedac3dc87cb5629b55ea94,0.06368906515511645
243,49a4319a96205bdd1519f1d7fbdf0890,0.2309079395382796
244,4a97c6b93ad707718599d7ea64de0e25,0.9441074297444461
245,4afd1e7ea3bc30a7fc1d9668d0969830,0.22821661453473613
246,4b04cf6af4125eff5915a120e026e6c9,0.1432136681668886
247,4c48add89ccec103c006d17ea3282178,0.040954164178933786
248,4ceb1bbf445940b4681cd752d9d35ed9,0.20574276320550594
249,4d22f73f3f300b546464f4f34f655d74,0.3522814646052847
250,4d52521f797dab274f6a539d9de02cc2,0.30856119178445673
251,4d61ba8cf5711f11fd5e260e8965a9d6,0.41122635113295974
252,4d86a284e904ac842c3e71d5855e71f0,0.11470575093553634
253,4e11672ac33b14847b9aa65cc56e4709,0.2355184069760822
254,4e63e0405272dacd06a4fcba28283b0f,0.10482846373480574
255,4e6450befb6da6474f12ad4f3433a826,0.9268585877020895
256,4e731341bedfdd8a9509204b25ea4108,0.6729013979097659
257,4ec7c9161cf6ff9f53f7c3648f540d7f,0.5576348141495641
258,4f8f898cd55e81ba277819f37504d7a3,0.9146256722958189
259,4fa5f58b3500ecd2070fbea1c0b2a58b,0.05490301836999244
260,50c2d61003cc32819eb6bf4d822af546,0.7488014505531931
261,515401fef3b2674821f0acee58b5b2e6,0.40326070723914653
262,5168fa0ec6923163feb59dffa6b9774b,0.12888377645985943
263,51ca84230ef2d5af22004305ab549098,0.7425180728263242
264,526273e0d93cb99922905da6e439d8a3,0.5990019317860235
265,5288839aa656ea5ab27f9b110ff6e201,0.8150377513613907
266,533c25b4b650071653565a49ffccc479,0.13383969171383064
267,5460691182979ac0d2fb763363419535,0.928647034897023
268,54f6566a84d182c59ef3928c6b1c5d90,0.09465008826166135
269,555a4963db813dd7b0b8d70562754a58,0.17723352261000067
270,558faee7406823dee81392599f9e0fb1,0.9039664439609776
271,56157a892db8ab471761e8d063eb3f71,0.9474236710643463
272,5698a25223537fbd57aea98736696234,0.949929062889924
273,56cdbec413064c1c275fde7f6edee5a7,0.5289515105713322
274,56e83cac646c000bcae2a306f47f5fce,0.08751451945659741
275,56e8be18f76089c398021ed3f34962d3,0.25698558851254094
276,5701fe145b67fe2f53aa9bfc971dd96d,0.17607664016606517
277,575ed23d5b4cbe1d708acd549d0e57e8,0.9074582415814008
278,57a13ba881a745a2afab860dfa78948f,0.5398628556301988
279,57d1e82b7c39c1272541f9ec9b759f35,0.20507167879596785
280,58337f92fbf9838df45ed893e1e82a89,0.3832777723511944
281,5846cd3fa2e61812ce42e85cca80d188,0.07901184531768231
282,585ee41f0581dc94a719e7556523bd42,0.07868326975971163
283,586f502860f9c96ca4d463d0b0f047ce,0.05759766694399321
284,58e158e8ffba45551e45ae5761be7241,0.08692299078014531
285,592f66930c8afd85f73a563740736afc,0.48836022601576534
286,59365781c9a6fa2ebc63e601149e11eb,0.5514756702021761
287,593fbcd6606c9d045e6deb658b181bb2,0.07983798391922295
288,594d1f361e44474328a8cd1f40ccdbfd,0.9283311749702493
289,5963661ff1393bc7823726039e056c4b,0.03931600493608696
290,5a3558dba9e01e49607776ee6d9e1c5f,0.1804626106431144
291,5a3b86b47829977f56e419b4745c1898,0.8771069271131742
292,5a5ae67416bd80efe5370bf897bea58e,0.8782517026482825
293,5ad05c06ba8584797f59fa7752580449,0.04450210470363948
294,5adc8c3d1f637d168f54f126baf72819,0.8830737447950548
295,5ae53506303065cd6ea270af103d3cfd,0.887286142926325
296,5b15ea3985c0893c8fe28f9526f5f1a3,0.10194465579343433
297,5b4b5573bfa6f8f8083c2ebe63fb2ca8,0.9114273395238185
298,5b5e1c307f44d5a19324250e427b4193,0.3890884073867456
299,5b5f4597b5004b98139b9422235ccb58,0.25110645661349373
300,5be2314f09f8f6299127d9d4e003c0d0,0.5450606774376665
301,5cb635594dc2e5fc21b3875f798983a7,0.053762354294669766
302,5db0669e462366d6e5f7c2b8c5253914,0.3209298107549398
303,5eebb793c5a8498c13681d9d1574e377,0.20304481289191534
304,5f023a881fd144851163b6e5842ef182,0.18359439014368648
305,5f3d906cc4ff5ee0effcbda4f9925575,0.9315951562497746
306,5f4244638a3d052c59df2ae5334a6305,0.8997641032408746
307,5f56d6576783220d6dd7f224e54d794f,0.7266434812106727
308,5fa5d246e3c2692eecf47b75615c60c2,0.04089316938145617
309,609ca9518531577cdceebaac072bf409,0.16982105913470422
310,60c5dbe49dd37add2df45b4164c25ebe,0.47133185352359636
311,613bdfa010b57b39741096aae8d98b76,0.3562592692786915
312,6250bfd8538bff3f835cb1e3c9a35f71,0.8517488261755373
313,6284b2cb0c2364a2e4ddc3dcf6c2156a,0.25764237760511366
314,6382e7eab0656891cd576702a9a45446,0.6870314197872497
315,63cc54897eae0bd56396bb3df6513c4f,0.6648763614538021
316,63d0e6f690c386895d4e08fe5d0e688f,0.048462788431156076
317,641064c94be67dcc507f03aba388a872,0.09065676059926753
318,641be7d65a4a865faaa155429ea80c3c,0.06215644763225872
319,644d761632e7fb4339d61f554c119bc1,0.0688750860465396
320,6460db5f998f39be8610aafdc9aa8f55,0.08273669698428265
321,64ee202c4fd9b204ede4d2bcf8ee3999,0.5324933541251808
322,64f2e4c12f16620c7c59fbb38f191982,0.04144853720665151
323,64f4f7dad42c28513f7ba28fa60e97e8,0.0720353687452628
324,655d3710c5bf14e5dd2db18f3ea3157d,0.1443014762628285
325,6599b53b685c9f316e60a6fcfeaf3a18,0.04440306780825208
326,65d6e3e70dcc36f59fd36b764a737662,0.4722825894431319
327,65d9b0d4d8ce5681f920abe9024fb754,0.29222025105407096
328,6602b3e1b9f0e28a2f6149debb476f05,0.33027155288696963
329,6618134ff921dc9ee4c8843103890044,0.870935914868067
330,663a854d19b834b0f618f9efae0f6b66,0.8822270932776756
331,663d83eec687ea12ba470a4b9170469f,0.0729997567201251
332,664c13a1d033d4968421c8d789a51491,0.11745781388846113
333,66c2bfc7172a54c85b34adca78fd00c9,0.5127022551918796
334,66dab4749cc357d828629d84620423e5,0.6077981403142729
335,66e041602746a244d8198905e7f01daf,0.2677395714538463
336,672de9e5c61b18c3f33259e0fe94102f,0.35160468071678874
337,672eb8181dbbe6721b9dcb9822a0d95a,0.6491193840576113
338,674b73d663145b78ddfe9f92752d6b7c,0.8739516164238045
339,67acc203cdcfef90a14369c4d4b3587d,0.1198002257708798
340,67b307744c628eeee0d08eff93d71bd6,0.4312690667372032
341,6804c1e9e4c8b11bae3bd82bee764052,0.8171445682263351
342,68134213e5d9c154bfa17ebc82f98319,0.49198062729831615
343,6849213c7a47bcdbe2b733721692a014,0.8613841032109981
344,6899424d5d9c65aaa2d57fc74e2e644a,0.24243848573937263
345,68c7fcdbdbf9abb3c061ae754939f645,0.23862169988430937
346,691babba2be2e16a5ff2fae539081df7,0.895137794750758
347,692a33fd43ff64e75261f8b8afebccb3,0.3737632471638626
348,6953fe819b99c13aac443292a4d220e7,0.8792950588339804
349,6a2b5e932faa624943b702f9b9c1837e,0.4210633970443746
350,6a46a93abc2f9bc085124f41839ccd04,0.04725031390453687
351,6a5f3a79413ef7c127495525752faf3a,0.9389091341765984
352,6ab72b4de20634e66fb35281c01d419f,0.1769523693815101
353,6b1bf5dcb20f33efb520178a29577477,0.3682223989314533
354,6b20ec4a0b7010ae1deb1c72b7506e7e,0.10013346695398581
355,6b4fce7677d731a405460fc9a7438311,0.3534639098518438
356,6bde4b706fa5028be4810b1ed22a571d,0.0631953559105516
357,6c6dbeb09c4c705d0fd26d4fb4afd5a3,0.15380397015618769
358,6c740b616fabb5f11efa388431ca58ed,0.41328416638788157
359,6c7f123d86783792cfb2a889618cfeb9,0.14860715775822622
360,6ca0d9136c759cb1dbb5d4ecac758871,0.09831844323659798
361,6cd7c62ee9d81f8521476edc422e1641,0.6761603921658312
362,6d229e22deff9a29582e7567e54265c5,0.6150282309812677
363,6d607bd8cc87c5ab45b61d5485b79601,0.842078886944797
364,6d97a8226bf92a20b10fffbdf1dd91b2,0.08273474112017426
365,6db0c4375fc6a0f097212ce7da23142b,0.15804816807979083
366,6e809e8160c3f02036cc49203e6ed1d0,0.8813551939922207
367,6ecdbf55810a3d5bbb2ba94cf4e136a7,0.15620472495810503
368,6f452dd2295a030e9b56666034f8235e,0.12416979512496223
369,6f8d54fad6cc449765fa68fe2d583145,0.04901005626964698
370,6f8e218adcbb4b5138367f1766425a4d,0.31544886030853825
371,6fa14adcc0851731095ac8cfa3224c9a,0.1545730697662715
372,6fd55370fafb8f31240e4b798cb2abf3,0.42447701324507814
373,6fddab9c2cfb764dadf1783834f7fd83,0.053284959537971556
374,70571faa93cac34c80e485b452d3f98f,0.9127407199466886
375,705c767dbe2af26139ce5cd73fc96210,0.8470634159630669
376,71552240dd63b2a4b5e3fe5613a2c1e2,0.6835236091628857
377,715fc7d6dd153dbae39599128c9e40d8,0.8955487137140371
378,718dda00c6923f01b6d2e7b74d4a292c,0.858604500122536
379,7273cabbf6890cc9692f1537734783e3,0.9213227350863168
380,7289dc50fc510efc9ca2788c3277601e,0.38199232006215367
381,72d1b09b27378be8fad5623a682a0b2f,0.9486522653886706
382,7308c625050427d3af4b837f1b58be63,0.14038482859175014
383,732d972fb071453c17cd817b295cca70,0.6080492573685634
384,736581d94bd8726073ea5d856c4b3a60,0.8930970408780134
385,73b55cec5dec2566fdfe110f311668ca,0.09932475416650487
386,73c30d3c73e54ecac2b9e5239a888065,0.3449767003172413
387,73de62db161edc620fbb94fa0c08a2e9,0.1867620405948742
388,7412517ca11f3eb1ad457072e1ac1412,0.1088505429963831
389,743688b62e8c2c87adf16c80f50b663b,0.9355527936459482
390,756a71cb14c23dbc29b7ed8397dc036b,0.15541033791887596
391,7596b152495a3cb24eea282bae111941,0.9447771049509639
392,75e18e39f0e650ec9a981b9fb52454a1,0.0650152998905861
393,75ef4ee394f14cb5631015861f54410b,0.7681947003321609
394,7619dd10025707aae83d464883ccbe26,0.27695067289037767
395,7687c82e2bddcf70574cc37dde6a4106,0.7397534921339238
396,76dcda12f59def30c67c0779220750f8,0.9062372801000962
397,76e5f7be481920e62278dc9e63d78238,0.1725623946459058
398,76fc88d6d91e94390d282ca6a33ca725,0.30351724960507576
399,7803c681704a0bc142b334097a2604b5,0.7978478850629207
400,78ae79a364bc5f7cfc7122a25c346045,0.9254589169119389
401,799326670ee9b3cce2af53170662831e,0.0645755176144958
402,79d83fa87570c84a4b5f153e68be1fe5,0.28193057142603134
403,7a0b3086e56530bb1b3c008b5e7b4879,0.7533389674199535
404,7a1964d4f78aa6f839ceffdc2725970a,0.042174892981415316
405,7a2fca05e21c7067b00fe8ee8df0353a,0.13655915898059232
406,7a67392b97d01aec1ae0cb9246ab1081,0.04240591744444249
407,7a713c2abfbb034ab342578a6fac58ae,0.420094560736309
408,7a7e2edb67860307da9cc1c0b9facbda,0.9122151187700068
409,7addb407d2a9de91e5d41bbb0adbc407,0.2193646651733678
410,7b355f484172ada698cba0bd697e4ef6,0.7542192056461744
411,7bb3ba41cc3e3077c70f8f270423804c,0.10086961537746343
412,7c4f87a44bcf11b1250e8fa0546af712,0.9070732796426529
413,7c689d697071fc2375b30191c886367c,0.8654410867176123
414,7cb47bf9d071733c36df63f87c3a98a5,0.9079905522003123
415,7d5abbe8c74a8779ba490399fdb94f89,0.23322243978716153
416,7dfcfa431a7f0a5a7f116b0d783ffc5d,0.8213420787947399
417,7e42f11b24fb144f2bd1a6051aa0f127,0.9496286133123968
418,7e517b50e499036daa01f0e66aa7fdf6,0.3795186231817255
419,7eb45a6e9c25d1300d366eb2919b138b,0.31859431397920346
420,7ecf8655a4f330b51d137c5dad3a301e,0.6624211191271498
421,7fc1e49afda89c62daab7d2616bd6b1e,0.522484295707572
422,7fdb78c8b989ee58ddbbf7b7f9159535,0.29092743986277675
423,7ffed26d33ff4a0f4120a65ce57eed35,0.06572064768242368
424,801584afe2a7edb4dc3fe855152bd98c,0.7466998196889812
425,80202c047a1251c6cc7c1358981d3c26,0.9081674458084559
426,80fca37516210b545dff029f55bc47d3,0.05135450596825219
427,814394434605611feebd6f37b58a8344,0.5780263760521679
428,81a9716a3457d8216658a78216ad24d1,0.4025436793021655
429,81edc07b1a0b6a7472516b023abcdce0,0.34763068565263533
430,81fb810af6ac679fd6a12b890ce23660,0.091896700769485
431,824d31ea57a62f3a4b9de664ec7305f0,0.27393267045317543
432,82dcabaa51b72ccdf28c4cb216ab549f,0.15950996988405167
433,83439e543c516cc4d2d65b50b0cda7f2,0.9366669209601167
434,83936d83e3c286ea302fb39929dcbd0b,0.09312995210289855
435,850477a463787800b03280bd98b46ea1,0.5503444051728302
436,8507da0222d614f01c45a10d33ed5758,0.8087003484777119
437,858542b4506ea28fbf1cc1dab3dbbfab,0.15965524803775843
438,85d4eb5dedf3e1e9c55656ed75fc7289,0.919479619050264
439,86204b5b515f0150d6ce480e6fb0ccf7,0.20328242553597542
440,866a6716d2d45badb26cff60ad3108d5,0.9412769934780977
441,86854e1f3afe2e7247bf8498f3273a97,0.06604931948682147
442,86bcdf69708c75c5711eee5c09479377,0.9477394689224214
443,877101bb1328eee1806d591dee1e137b,0.3016590162430748
444,877afd262bb3b279b41807a90a8842cc,0.8269640983932096
445,87aac7cf27feeb5b8f97cee4b34ea959,0.05622465205309151
446,884356881727a5434cdf9862ae9359a1,0.8024707918104652
447,887b4a482f565dc8fb621be04c666d1b,0.25354670598210277
448,88edbb01433dfc9ca6d5d6d4ad2283ea,0.35598178910169115
449,88fd8f699c9478da15c98cb6f0629488,0.7430866355977187
450,8975a9a4838dc8fb262061acaabc6948,0.05654434305179097
451,898cb404ddf4b1a674cd4d0152310ffb,0.48973866909996344
452,899e34beeb868fb3324c7526d9e3aa94,0.14891982634986686
453,89a70264917728778fd9373f9233692e,0.05209205142890687
454,89df1810e24ff2153ea422d00929831b,0.16790401412566566
455,8a732805d3b49d15ee8fe04f711309d5,0.885137515957662
456,8ae4b48aa88b79ac0878bd6d224b3029,0.1459197438847335
457,8b2f00cad1ee31a8d1055696b5f66250,0.931846193118511
458,8bd1a7cceb9293a6b548ec9533fdfdb5,0.2776776828527709
459,8bdb73aa66fa091bbac5b7dc811dbbda,0.3123226513654925
460,8c3190e864e1322def1cbc5da02452f1,0.20862545283811698
461,8c3d44a23bd4475f200446e02a931eb3,0.8411442820585658
462,8cb6157e6f0c0279dddc779c7a258d91,0.04808716492685264
463,8ccc0b00d112390769594df3a8f277f7,0.3235947481596896
464,8d06a3d8f4a0ed34dd4e05817f319bbd,0.5703248520998981
465,8d78276ef7d41163c1f78a7bf30b6cc1,0.059861245746169967
466,8d80491ed954c955ee4dd122934f2303,0.22019269788741067
467,8dcd9bd1f339e7c9e8225820695b9912,0.11464171972163714
468,8de9b781ae9232ea0aa6ae3af732d5db,0.03890865816874965
469,8e29ba1ca01f44cbbddcd8624f6432df,0.5473379544897103
470,8e7e058b5b89040b57aa48198ce5486a,0.056667611408897686
471,8eb4c5711c335f9a8bdea472660faa75,0.03940152100954149
472,8eec8734cd98dfe6c23d30701da2dcdd,0.3010181915655071
473,8ef66a1cd54d592b2927373818a44c73,0.8829343048750349
474,8f31d36ed8797b7db637b6ef2ef47e2a,0.4077657072230447
475,8f5522c3ff8462655486698c4cc449ed,0.18534967341987157
476,8f8cbfc41992a5d3b6857d829217e408,0.6081489802670781
477,8fe0ad209da47d271981f3fee0cb1b6f,0.4541453001893309
478,8ffa819e28333261e67161c43e076721,0.6794859016771252
479,9083721835938c77ca3cc7055b420d5c,0.6040363380125479
480,9088d7ce9232add54364e5620696c757,0.6995772223173821
481,90bd3f3d45d0155f1d166002987f5b90,0.892411226068897
482,90c9b3f4be613c39a5f1feeeeed7f9e6,0.21826578918719025
483,90e391b8672a7e706ee822687d0eaf54,0.10777238947799593
484,918f473893bb0cad92c576fbb0d69987,0.7424449110644339
485,91ff03bc840fe7cd3ce803f98f25a7dd,0.1624782274134332
486,92131faf8ff9aa6efb7a911072e4e961,0.8517820671642674
487,9216f8882cd1ea2d77198a8e7e8f6c5f,0.07393974010109759
488,9228a784fc57def569a3aef2048872e4,0.8365434890443567
489,92bbdffd70dce42171530e228f67e6f6,0.45109019400395395
490,92e957ccbdb765653194e1b82f9a1dc1,0.433818833036371
491,92ea676de035f02eab2f6a9c7595f670,0.12462978156006393
492,93109b14bd27fd9b92b1f57b51f7b70b,0.9142235200668426
493,934c0a5b384a45667929ae5eb19be8b0,0.6502113810435834
494,94191c7606347a496020867dd9e25c64,0.04217793155438769
495,9423d7fcdb3a842e5cbc9575b9c895ae,0.049309416470641194
496,94723ac8417cef6e7331140b5baa5d81,0.22575845970518574
497,947913ba3f5f459a5b5d243374d0b4e8,0.06762302421345383
498,94ce6927f305049250499d8c90150379,0.16963096903466632
499,94de531116d8ca5dfbe2a83a396db6b9,0.3295555323186163
500,955c4c8db0685dc0e1e7353c62c31451,0.4755741528909521
501,96606febeda00077a63295e50b69e18c,0.8304379806201494
502,97144e8da0abdeb5776d41af922f1076,0.5720463830878906
503,97c628a164f281c185805c2c2fbb210e,0.10843856058836764
504,9843314a890cf2c290899f686c2948aa,0.8906016210505218
505,9882b95ebce98b7972c4eed69e125ac5,0.04514252744106552
506,98b630756cf37b76566aba86a0843fb5,0.058415975230049495
507,98be29be38f40b95f7610c9d0b994d92,0.8147158652071282
508,991d09b09e0f03bbc0231621e177a2aa,0.7726084643895079
509,992cd6d98a2dece5926b7edb9a7fb86f,0.3287619594334093
510,996bb88df3324c05d18294be715071ba,0.7442264524077274
511,99a2f58358f6c2c8d2bb23dd919ba21d,0.08527675756035204
512,99bc423bc16753e19e67b4a1ae11ff3e,0.13046062000394792
513,99bf7b71ef7a34621320261ede8a4dbc,0.874062209195042
514,99fc754912650d03059242b7478f18d8,0.9472065212373154
515,9a1f4b0b6b9c0be6c3d273af03dc57de,0.18592237031740952
516,9a79641e9c3e424f9d2b26827e3577f7,0.80753903058469
517,9ac04764c208cb8d78fdaf5491ee7b65,0.6627831759931774
518,9b18268be66ea560f20891efc27a70cf,0.8107188732318052
519,9b249bb0edaeb53e999fd83aa1bedf0b,0.07594292245610207
520,9c2c0d1dd1fd70fba560c4df9382d29a,0.0535558430031535
521,9ca2f5f63cd20eaa5017974a949b760f,0.05764417733476597
522,9ca939881801b6f47dfd295d276c1671,0.056408154362924345
523,9d5fb2c68bf39cbffbd7cbad0708d939,0.04899255963425995
524,9d6e8dcce60c1da3e575ee1946719b24,0.9303349279080314
525,9d802dcfafd485564dd56d15a7df47d0,0.055826359435120994
526,9f05fc89a487bafefa57a2b7f25bcbcc,0.0991937919178254
527,9f07a4f802502987f2d7e79ccfb48fac,0.6348176312413919
528,9f0e63bbd1efa1727703e7bfd6d437b6,0.049583683813829785
529,9f77e22d29934bb1f84f665c8029f298,0.17837356445875763
530,9fa543ea170a7581d54b46f3cadec4d6,0.13152335240471055
531,9fe2a27526dfd3f133b0384a87254376,0.06686097053335162
532,a0f59549961faea0e48bc0337406aa08,0.701599349595522
533,a1088cb31f063e68d9486e9fa562a162,0.8010314632476815
534,a2225945e0dd394c4b4469c52715ad3d,0.3459445255703179
535,a24e90345152db1c5e68a0d081a42ac3,0.07517396305364958
536,a2e0778098fc2e8aea61e7f7d86c651b,0.9406705516482262
537,a2fba5f921c868356b9a6f43615c83eb,0.08395284341087726
538,a34a28e51c063fc6c670bfaf9e346c56,0.06345296165996733
539,a3853a82f348307b9e4d50ecd2aaac9f,0.03769037233186744
540,a41d41df84ff234f81bfe5c33ee2287f,0.9276566556740804
541,a5157102ca302b8d7bd7c0c10f57af4f,0.8602493771602733
542,a52c0b84587e486de78e5c0793e5aac9,0.17730889673665567
543,a54930bfcaf3b0c62e57a2fd5a0f221e,0.9016076336736037
544,a57e8fcd1976e4a47a637ae0a23e86e5,0.43301011895022395
545,a5997c311d26b8b9bc463ebc53a4e857,0.04376249599524023
546,a61249495da236228550898062ababc2,0.08829643686596127
547,a6283d0965744425baa060d830a441d6,0.3621253474436319
548,a643ac78887011efaf5f3a32ccdab6db,0.9218134101687422
549,a752412982dcc2339abdc12f8bedb29f,0.6896534373266321
550,a7764f29065838b57e15d8bbc16934c4,0.8852460305463776
551,a795563dd3222f022f4482ab69614fe2,0.11022050498406795
552,a79d235177f2b6f6eeb18bb2ee92c3b3,0.3069104996160246
553,a83cffe088d09bc185e2e5b2c8fd3791,0.7616736779794612
554,a8a2b5dcd3f3931a0130264a628ae398,0.2936806529744047
555,a9aeb72f145de0fa9d690863a29efe9c,0.21332935403445297
556,aa45686833f5c3dc73f7ff1dfdf19587,0.8180470896686418
557,aa5dc9ee527be49f07f2c00c0fba47fe,0.3215627210404107
558,aa90f7101715768e9ffe4f6454f37cf5,0.8627371411449198
559,aa9252d2b26afd2331e1bfcddc4b9a20,0.14696641909009803
560,aab572265e384b16a933c8b901f0f76e,0.05024870686271461
561,ab2dd67afd9d5646af35e80f3cf9ad23,0.604666277183762
562,ac198360a4d46d4349ee20aa0e1b62af,0.7390806925502439
563,ac281592786482d46846c68b5914e0ed,0.042403255925207294
564,ac44f0f16b5c07da36321f0a81ce3759,0.1596606330518376
565,ac7cf84dc251717ab7cceda3de250fc8,0.2058901805884524
566,ac82a7aeabbefc3ed9b13b290e955925,0.2959193916289466
567,ac85cf7ddf00a22912abe27d6958c3af,0.6180081054178891
568,acc84032917861532e2de29f482e9aa4,0.04905352720852753
569,acfb1fd97b5b36e564aed73ff5690a40,0.041517938599633035
570,ad23d05929724dc671ba38db39af3a6c,0.052028143087943235
571,ad5a7c45ac53546879b41376052fbfdc,0.38342471666609546
572,adab01d6865023df8b516944db62473e,0.6442728774409655
573,adb3df35d4be759adc4fd4191698a049,0.7169746976780624
574,adcc9b0da31923388f5281be44b2e38d,0.09759524234037796
575,ade222920063e34aab9064a9d2ef6dde,0.7770140040671071
576,ae44ec530302f887bc5a084897e997a0,0.046654884100961025
577,ae566d65c97780aa89dac453b19fd893,0.9022082919548451
578,ae5983aa1c7cccfef69678d53d1dffd7,0.06004144836342403
579,aea98c0a2d07f10f90884fc4bc6c26a0,0.1921841517846786
580,afdbf79b56a5c462e64392e2e0714cd8,0.919706772531629
581,b04c2b2816df378b0d599e1b9836d527,0.8477044748952681
582,b07e5edf2ea48d9c54424f8fc432d102,0.4588024194322467
583,b082104563ec2c9f839de7da02a1defb,0.09282062623466747
584,b146c69f804df8a83dd46d13a49dab21,0.32163679577244425
585,b1874ed0b1af6313846ac86802e858e0,0.8783847413113225
586,b2727f4d040074c9ee9e8154ab3950df,0.05763171480001414
587,b27dc6dc1eb4e6430be6d39e40241233,0.12524030301305833
588,b2f210cb171e425463e57981f15086b3,0.09826393096386586
589,b315d9f730d59b1608411cd9c1e9486d,0.3729861012982721
590,b3539346119c37dc699079a9bf80bc51,0.08666427209980891
591,b369800c606a3c62d53c0aa5edb286fc,0.3548455294811521
592,b36e3323279db077b7f8b5dfe0088397,0.03878369187973055
593,b3d24a79473d8786becbcb7c4adce6bc,0.4372445315252486
594,b58d76184f8ad23bb3df64be043f9218,0.45618305858078645
595,b5fc380541c3930afaf98f5d8ea10865,0.9411982375501897
596,b643520f7228224654499eb949e69429,0.08045129751632088
597,b66d8795082300ad68545d0eb3cfa221,0.8540588216944986
598,b68f51c1588aa80726282637d285f2ed,0.4031268065569135
599,b6ac068fcee90782ff0213a9cf4fa8f4,0.09878481921529608
600,b6c55644d63a94795ece78ba2ba85d47,0.21841004139345946
601,b6e9b699603cfcf7e98468d9b2c0f615,0.9341888141087991
602,b7e7cfa300582655019b6db08975c693,0.9129431903905686
603,b7f171eaf9dc1f0f8c681c30951518a4,0.31428898384174814
604,b882f075946d773a435e7498696f5cf4,0.6198305192595818
605,b884647d2eb19f8c494d04ff978e4697,0.23807210157368008
606,b8d674d491366ffe75bb10ccf7f370c6,0.2887620037899575
607,b8f665c8f495f299059c20b4dd3ac2d1,0.9434218926176264
608,b90dc8125702aba82d9137bf3c2bf377,0.05841597686493285
609,b948738d336d9db9f94f39c9a3c5f877,0.32488389337086626
610,b9666bfe3c0b74603e2f030fed7519de,0.1848024772117949
611,b97fd531fc7522b00e72532d8fa9f38d,0.046715829727384466
612,b9a260e8f02f4538a0430d333085401a,0.178142104543821
613,b9ceebb101fddaeb9a937923f1580428,0.7955718413724773
614,ba10015e28038da87ab3ceae2f959704,0.09264101895538276
615,ba60ca6f0b9093a5570317505d896df3,0.2672186265746232
616,ba6aa99a225e802b42073c24f4878b88,0.30082849802604
617,ba96b405a7a429c03cf7906ffb29b0ed,0.6391413068731602
618,bae6e9a45e7df6aeb7e8a87b8760ae92,0.09918182486627587
619,baea87752af872174964dd3473d38526,0.40294496154071596
620,bb0550c15a1e0cb3e6cf6aab0969d2b7,0.043375970459376315
621,bb0b1ade310d72103d513a0c89393d89,0.23209469765717586
622,bb6fdb24c079cbea0c077df5ee3d5341,0.47725383013399636
623,bba08350e4aa3cc619caad4cae1d63eb,0.9289758648772148
624,bccded16bc6879d2729722aa8925d98c,0.04127164598611043
625,bd693005ec5471f88426c0bdaabbd427,0.5574784084558889
626,bd6b40c3fae25f93646e1c5fff550bfd,0.04352197083181876
627,bd787a2f7be1caa5bdb4c27662da99ef,0.7406375546418337
628,be4c0b63aa5e96df822d00d41d778d87,0.436354413437076
629,be7ef53cdf081151204121ae1d248431,0.9173507457693615
630,bf2521857410ea74062dab71063413af,0.7936936574940608
631,bf29ffddb2fafaff913a3cb79d027e3e,0.819593991849765
632,bf6f6f29e6d8b1e3bf773f405c64eb54,0.06404478557317816
633,bfa5da8cab8a2258412c38d00ff0a595,0.10666142519758853
634,bfc5d09b4971ac506ece7b4670d6bf65,0.04989377989345697
635,bffd6cb498f85c0554c677c3086b3611,0.04449552148337965
636,c0034a28c4c0fe84c36f477086d4740a,0.33339205593415494
637,c0eba9612d0d533dea64ec895ffb2480,0.429294980274311
638,c0f9c5ca802a3ed926642dfdd06e027c,0.9306901153693331
639,c103aa92f8c8f4babfff703dbed40172,0.4091690166412829
640,c147a9cd79679e1cf8597dc6f9e72567,0.8272544615403863
641,c159f0bca7df9f6dd58ef2ecf7c93791,0.9291393584752036
642,c1a4076674a957eaa3caddff7bbe5b7a,0.15951997903463513
643,c1f224087a8dfe9c59f02d5857145359,0.06104912310796276
644,c20371cb1683ff049f277439b4aafb28,0.25083010322528787
645,c26531a240709f992f8131e4584b3170,0.920131602399174
646,c2b11a9e21236ea3b200c4b98c7e7524,0.10454418184041184
647,c2c0ccc732f261297cbd0fd29407a2d3,0.47335169057110954
648,c3718badd2812d3833e4b8981d0d1e1b,0.9440781167412784
649,c372ee85b4be348075575059c82be034,0.31259744743828927
650,c3ea1c9614d17f942a447aae455729e7,0.32829181929507295
651,c420ad26a6424e224c711824401c2406,0.7280632976205006
652,c44ffe3e31611296a25cee97e53b9d6c,0.15509901719555666
653,c53dc6351548b0593d182c494b0a85f8,0.12765406961781026
654,c5acd7967ffdc2446da127f429ea059e,0.516476105004694
655,c5cfca68c83986f1f548d69bbf6a2e52,0.18784951129904193
656,c605620a83c147ca6516af03c70c52d1,0.05847670282483614
657,c6797cb9a52d7fcfa1bb0bbb5b5b5651,0.40792856090272367
658,c68b81d4271f3c5ae17fe55b2bb067b3,0.6513433140485365
659,c6dfe498607cdc43e19406a1d32ef919,0.19733693011009648
660,c6fcb451802f79920192a329c274c893,0.698835896394125
661,c70c309465d06bb118c88bcee64b4787,0.9157132882027768
662,c75af53ff77eb5a37b34e350754d2bb8,0.4731438111086025
663,c798316158a5f7354904f44f088b4e3b,0.20643238762648153
664,c8be102fcd2a0cfdb9a3d2a26cad45f7,0.07544896419605192
665,c8e21bdf77a1cf6ee994e5600adafd86,0.284345689097107
666,c941fe885e3026c1c6af4b73eea14e2b,0.19096739576314767
667,c9976d4c61a2c70ff6f9116d0dee0b80,0.8531486743499661
668,c9e12367fbe01f2bcef0016764367e06,0.7470580905867348
669,c9e65a6b61fed91f0da7d9a44df75bdb,0.10353090994045326
670,ca202c21ab7269618d038ee9ecbc8456,0.14093518674923902
671,ca4b8bf91f708113a62d00b1cdcbefe2,0.39198582919411423
672,ca6d5390a1ac99d9eb3ae0d62bec3509,0.3266711771733399
673,ca8aeff4b603f687c21bf6764d557f41,0.9322210657720159
674,cac6b69b7fd9a0dfb731d22436ef3d0e,0.0920276226125322
675,cb2e0817eccbaf5e9a27dac32050843a,0.9432408517505693
676,cbc8ad9fd25c13a4e82aa798c7ce1b57,0.8904434512484011
677,cbe7f1ee395c0018719e2d234ee2d183,0.8026925058056786
678,cc0f0e69ab9a7dec22fcc5dda2a37e23,0.3046199856648223
679,cca4393980e525cf7e052e4473d47074,0.05183167774411705
680,cce2784988e35787e964b8a48f0dca52,0.8600541609604956
681,cd1d5b18566bdbb284d784bdde5744b0,0.08134953021264486
682,cd94dea8d9bb2fe0b7974822c647cef2,0.5913063486387123
683,d027084e7a6f112eea53edb6e96f4f5b,0.9319035596399632
684,d02aa4b7270f25d0f4413a2299648b1f,0.24583712063075253
685,d057caa3a605d07b95acda8f9c56f5ec,0.13194432989160634
686,d12dd77a7c7f692b354312d88910445a,0.20772836360033892
687,d1498f0c60ac114b302a7090a269f89a,0.9226902670182784
688,d2098ab4a12e71b7265305580db4145d,0.187259410268085
689,d28bedeeeb9d6d6773a8c965481163fa,0.24520657647812177
690,d29d8f57cad284ff433ca4d6a93e6c28,0.7750341143414102
691,d2aba2e26bb9ece9381a8d2572dccc63,0.8217563806462304
692,d2d59696a8d774beb110f18377965260,0.927547249584188
693,d3daf4329c6c071853abf44e0896cc42,0.9329509932659004
694,d4dd94cb87c93bdc922a8d34e215f89d,0.04381797562588436
695,d537e3544dc0ec1cfa5818326d3d7edc,0.04312457493229674
696,d58d159b2ff2e8a8126adaa406b845e1,0.1284297737675494
697,d5bff6e13e4d00c7301404df709f4d36,0.2039036427718962
698,d6ae7721bbc260db492d08974d832679,0.3423437925190951
699,d6d0454c917039cbdfe15707d874dbe8,0.9445900500902206
700,d78977f41ba412d70670d01f9fc95b72,0.14257555903129102
701,d7a56b2486b7cd0e03599c10a1361515,0.9088454913849346
702,d7ffb43ec87640d25155d047b0fb0777,0.511811374044457
703,d850824b80f81ffc0a080d0dc60f8505,0.9424556649496121
704,d8a439a820e0c01236d150b0f0229acb,0.04937959679404193
705,d8c3316066e1fa332443ecdb5454176b,0.3500214535674854
706,d92b0057b83d362b33c7e4cae8b67191,0.0779021962729331
707,d95fef256cbdc977b9cfe11e2f06b96b,0.11853057408015395
708,d97201ec57faacde21923d26014e802b,0.06324986261570913
709,d9be385e21c616fe2228bf53fb32e415,0.6008975194410482
710,d9f29544cd3928b20fe9707d2f919918,0.9160969233868618
711,da5bee69ef772c481b9590fb367d1b3b,0.6642933154479667
712,dac871c347bb022b017d6b29a85b8987,0.837478907874527
713,dadf92d52036bc7bfb1b802379e1cdb0,0.043003949954483284
714,db44056aae190234a80c34388cce9888,0.8367000825164178
715,db9851149b37fa2440fc4418294eae58,0.9211464848404712
716,dc9eb487bf5e669201f1273932fc6152,0.9445683540591905
717,ddec7abe598e486e048549c5f18cca45,0.08248649584825783
718,df1b4a19e0fd488f71a722a4328c95a8,0.4718201821030036
719,df3c959c6ca886d0dc209a067153b538,0.05229920459992347
720,df4c8722c3e9757c44d7355c62930e67,0.3305431319657118
721,dfaab4164bb7093a387c6b4f820b13db,0.1698526329700616
722,e0049d0e3833b2978f0c5d14534cf29d,0.8965480602352752
723,e172b49753dcbeaf2a4a492a11ff2c36,0.0919180917928394
724,e19f4e3c891be251bc3d3213b39579b7,0.8651187926678438
725,e240871e218ae175f6263801378dcca1,0.8298559305686886
726,e28246264d735aa44ecf3894c6219c10,0.4723975327229551
727,e29c7f97e1185142f7b1bc9b045459bb,0.1510817768834676
728,e2af593dd37ad9efb0b2ee69ae28181d,0.8137150408992175
729,e306fd094a0991bfae3566801e077473,0.04621653353463867
730,e30cee39b49cc8f7239beef189c15436,0.05861080035621624
731,e35ece8adb5e6ac116f2c501578ab5a4,0.9364824800354458
732,e3f89b6433f20b3597d42193df4d3ce4,0.8816777953517718
733,e40c188b48edac69c1e7f215ca3421a7,0.7142170196233111
734,e433c67b4ced88af165f5322aa67b211,0.5423408415170976
735,e468ef9cdd2893ecb602e9605b06bdde,0.06275132097162155
736,e4763d78028ccb1883a3f756bef9ffba,0.08780250552378252
737,e4c3a3e6d76b76749e550c34a98d357d,0.25718086096354337
738,e5072cfc598c54d466969032ca54d63f,0.33282070581147893
739,e53a67cc9a3c311c533553eabfa86aca,0.17754990328606202
740,e54db5fb66dc4449f7b6c32136221814,0.7754297797788149
741,e6137b87472d1c11e0fb9ca81a055ead,0.908509312886579
742,e615e91ce8b3c0665dbe9cf2b8dd4ea1,0.44263474074846076
743,e61d3041a1e6e49e77b361f5599333aa,0.7290065234560158
744,e65e021b3375a0d3fe97bf5a5b8f3ff2,0.15511438668648184
745,e66feee7bb428ae191c6dfe9f185bb6e,0.3231816362628671
746,e6867af4e54bf413196fb511f2721f1e,0.5691232769590561
747,e6c0ba3d40d21da5a3223a1f7aa87e9e,0.08376279225861004
748,e72d4c0e60ed7ddf479980d710a39bc1,0.4276495363650839
749,e75349ca247696be5f4a283d449baabe,0.16150955808505726
750,e7952326d7fd1e359d33bccf918a73f0,0.11926811884798057
751,e7bce046813a4f86e1400ba36e0eea1b,0.49445570573315933
752,e87c2a82466fac99b0019bd66f7b99ed,0.16188276123102308
753,e89f8505edcc1828967b118a4a128497,0.776048222063854
754,e9101ffb7166383387c605feb71f63d7,0.08055043920177783
755,e94d1278ae4e76c8c1b9e024a7ed83d6,0.25780990233428763
756,e976202a67414f630a5322b46ede575d,0.08476228337666943
757,ea344de37e46e4c8bd11acbdacbf7fa9,0.3738867751187327
758,ea48c2db9f4299e810a34b1dd72fa383,0.13111921935150853
759,eabc726be712ca8e46567c86f30ce7f5,0.25932836542608767
760,eb50362e936b5f125411a174223ce580,0.9425106543330843
761,eb6764f86b7400539073d984c61d0975,0.08630078212502816
762,ebba62a79916fbaf0ae73efa3228feb4,0.16833163480710925
763,ec29de5a5b21cfe3eb5586cdf4760774,0.8531907790355152
764,ec506e3afeb57bf29e8a0c20bbc07468,0.4255858081191394
765,ec99b14fbb3fa2943209cc2824f693b0,0.15206846321694004
766,ecfb8a63a01fbcc9a60307b0dd0775bd,0.13293655330114004
767,ed2d34a5168b60badec71d561ae4c430,0.9283864643560773
768,ed2d5456bba8340dd75c37463b0a34a2,0.15238172416856424
769,ed5de1c54eb575d027cfdce48fa15d2d,0.9496941800315771
770,ed7f8fdb0f4054710a2836e7005edcaf,0.057591497859065775
771,ed8b0ac27ca257f61ef7c96d43f8ea4f,0.17505709974295502
772,ee18d5d52340b9913fa423c32011722a,0.9446842603636698
773,ee251b0c0950181c7ee2ebeffaa88411,0.04491558817368755
774,ee2c116a6ef1d413ca62641f3e62e4da,0.5088253432520756
775,ee699a500ea8e7a58ca70f926a35ebfe,0.4147181216190624
776,eedc5ec53f7eebb1f326a03bb2e03a4d,0.9073292500152969
777,eee19ffe2cbb8d4fd52d204b2571b660,0.40880397582215705
778,ef8df0b0e054edf55015de8956e96883,0.678627091653256
779,ef8e6a57c7a4fd1526908ec4fcd97260,0.3279229831626203
780,efa612c98335533cecb0ad7bf32e44d2,0.8955938829073793
781,f032a6d61a0850fd4c91da4b48927184,0.5224423469974764
782,f0453931a6cff016b3242475cf328adc,0.9029530151711138
783,f094789fb0b0a2dee28ca876210f992e,0.8215206833835793
784,f11d7a67d566a5a94d8643023a4dc60e,0.0781279570859083
785,f13f0e52bf6148bb8bd24662a6078ff6,0.049639816017420214
786,f16f0e8dc610bf419eb32c31269e33ec,0.6505118509171594
787,f1cf3366be8f5dce018e3e137eb2a1c4,0.6697690663830624
788,f1da7a2a14221d68baf6637e4996452e,0.0593112238099374
789,f26bf77be9bfa843607f64d6a6bd2418,0.6361712850018169
790,f2709d57270be45499b16a09d9af8951,0.04793014956806962
791,f2b5ed79293b0c8ef1c9abc34863cb87,0.05992505440817039
792,f2cf63568a152c400cf2f6431c77a2c7,0.049617908203418264
793,f3cf1d69cb216709532100f5f635bffe,0.8945033637475936
794,f3e3641d80d5fe5302a3f4419b7e26b6,0.13290223120626038
795,f412529c2d44859e8c1cfa9857ebc8a5,0.2541668416111831
796,f420b6cc52d7140a708968c0da37cd44,0.03821395271041209
797,f43bf95922f8ae0078cf4fda3296e7d9,0.6796084394810966
798,f49804405d6e5aa0e6aeda05effb7de1,0.15264115675358214
799,f49b5cb001574af87e558e8e9889627f,0.05940110921200951
800,f4afb59528cebc70c36d6675d7295e2c,0.9455295874545638
801,f519737e443b35f93ed83aa7a1e2bd7b,0.039761562239119815
802,f56fc3660ebb76b9632d41cf23738184,0.2871214694097305
803,f5723acd3730292af8841cbb6ec30b72,0.047164542266768875
804,f643ac6e0c9c01de568baa281e405748,0.43139206020457616
805,f68e6e413fd4c2cce17ce6ccc21a936c,0.3454542545269295
806,f69b1494831a1742ea26af97990ef36c,0.5456459413076279
807,f734e8466648d91596cf11381a72e523,0.8956464984062328
808,f735999ba35f5d6c04bd54bbb80dbac7,0.04637811293073481
809,f84e0738fa2718e5c1e03de6590448a6,0.11136539760370945
810,f876be13f00417fda4892a53d0d1ac70,0.769133808592246
811,f87cb155d9500782129b6753f94a0e46,0.9436866079853
812,f887db4af526b78eee5a1a7ff07609aa,0.8080204973083913
813,f88a27513bccc68b4f6ee98ace8e8213,0.3524841940817854
814,f8927cdee651135bcb99b712b43349ad,0.05028380326548172
815,f8e17cb4c31f22ce031510b8568c2a75,0.9209715094663252
816,f8e8f3a7005397829b13145d2653a8b9,0.2137580524625578
817,f92fe058716fb74f2b0e8f1aef26c7d3,0.13900507758757336
818,f98937fdc9f2351a8d3c1acb38234702,0.49676558197600024
819,fa49f003ebb66fc31fa8e2b9fe208437,0.06645218528005854
820,fa646b310bbc3837afff4ea1862ea0ec,0.419129746476333
821,fa87f4c5656bb0ab57eacd210366f071,0.8046170748727058
822,fb08aab11372fb79a8fdb7ba1209da43,0.11219327118296628
823,fb0e5a172ad766c9b27fb8d27769701d,0.05556549387254111
824,fb3081e7f534f8fefe74af3420e215fe,0.04216968020717571
825,fb3689cb5cc793c0839a01d43467bbc0,0.5127209579294544
826,fb54a60e0ceffd09e33df74fff6920c9,0.4180989847631123
827,fbcf06a239a52329d297ff7e4571a448,0.868513388571695
828,fbe036c4deea50ac36feeb4985d9c079,0.0625371476238153
829,fc0c7c937f139bd6d1c5b5d0a0023dd3,0.10187579194842591
830,fc8de34c5f40f0fc9af2728937a4dac9,0.14763332224997047
831,fc9c65495fdefaedc4a30f4aed842419,0.5258465739001891
832,fd69f6a3feb052176755303cfb30654b,0.8821186956371418
833,fd7f076618df1d17dfa384b5457b10bd,0.16473196266754142
834,fdc9946769b1a64d5320364c1a34ca9a,0.9416328251932761
835,fe084e295034c4bd6ae4498af6882bb5,0.3233970405554981
836,fe9c3e9c58a97ba6c2922237bfc2a7c6,0.27200671907638185
837,fee8ac01c79388b623134d61d49c8900,0.5156055991510201
838,ff3fe45f7240273e9e22dbffbdf8fd48,0.9448057691047823
839,ffb2ae2399e91e4e0c1e10304d6d4d0b,0.3427160273361097
